asset_barcode,asset_location,asset_department,asset_quantity,asset_description,asset_acquired_date
*OE002450*,MAIN BUILDING,M20,1,Coat Hanger,12/31/1997
*OETC0435*,MAIN BUILDING,M20,1,NEC Telephone,12/31/1997
*OE000018*,MAIN BUILDING,M20,1,Prestar Push Cart - Double,2/29/1996
*OE000194*,MAIN BUILDING,M20,1,Training Chair with Steel Edge,12/31/1997
*OE000229*,MAIN BUILDING,M20,1,Training Chair with Steel Edge,12/31/1997
*OE000239*,MAIN BUILDING,M20,1,Training Chair with Steel Edge,12/31/1997
*OE000264*,MAIN BUILDING,M20,1,Training Chair with Steel Edge,12/31/1997
*OE000277*,MAIN BUILDING,M20,1,Training Chair with Steel Edge,12/31/1997
*OE000278*,MAIN BUILDING,M20,1,Training Chair with Steel Edge,12/31/1997
*OE000280*,MAIN BUILDING,M20,1,Training Chair with Steel Edge,12/31/1997
*OE000281*,MAIN BUILDING,M20,1,Training Chair with Steel Edge,12/31/1997
*OE000286*,MAIN BUILDING,M20,1,Training Chair with Steel Edge,12/31/1997
*OE000287*,MAIN BUILDING,M20,1,Training Chair with Steel Edge,12/31/1997
*OE000288*,MAIN BUILDING,M20,1,Training Chair with Steel Edge,12/31/1997
*OE000290*,MAIN BUILDING,M20,1,Training Chair with Steel Edge,12/31/1997
*OE000292*,MAIN BUILDING,M20,1,Training Chair with Steel Edge,12/31/1997
*OE000298*,MAIN BUILDING,M20,1,Training Chair with Steel Edge,12/31/1997
*OE000299*,MAIN BUILDING,M20,1,Training Chair with Steel Edge,12/31/1997
*OE000303*,MAIN BUILDING,M20,1,Training Chair with Steel Edge,12/31/1997
*OE000307*,MAIN BUILDING,M20,1,Training Chair with Steel Edge,12/31/1997
*OE000316*,MAIN BUILDING,M20,1,Training Chair with Steel Edge,12/31/1997
*OE000320*,MAIN BUILDING,M20,1,Training Chair with Steel Edge,12/31/1997
*OE000322*,MAIN BUILDING,M20,1,Training Chair with Steel Edge,12/31/1997
*OE000325*,MAIN BUILDING,M20,1,Training Chair with Steel Edge,12/31/1997
*OE000335*,MAIN BUILDING,M20,1,Side Table-Marble Design,12/31/1997
*OE000530*,MAIN BUILDING,M20,1,Conference Table - Gray,12/31/1997
*OE000552*,MAIN BUILDING,M20,1,Bulletin Board with Glass,10/31/1991
*OE000672*,MAIN BUILDING,M20,1,"Sofa-1 Seater, Blue stripes",12/31/1997
*OE000673*,MAIN BUILDING,M20,1,"Sofa-1 Seater, Blue stripes",12/31/1997
*OE000675*,MAIN BUILDING,M20,1,"Sofa-3 Seater, Blue stripes",12/31/1997
*OE000676*,MAIN BUILDING,M20,1,Chairs for Round Table-Narra,12/31/1997
*OE000677*,MAIN BUILDING,M20,1,Chairs for Round Table-Narra,12/31/1997
*OE000686*,MAIN BUILDING,M20,1,Training Tables,12/31/1997
*OE000699*,MAIN BUILDING,M20,1,Training Chairs (Peach),11/8/1997
*OE000701*,MAIN BUILDING,M20,1,Training Chairs (Peach),11/8/1997
*OE000702*,MAIN BUILDING,M20,1,Training Chairs (Peach),11/8/1997
*OE000704*,MAIN BUILDING,M20,1,Training Chair with Steel Edge,12/31/1997
*OE000712*,MAIN BUILDING,M20,1,Training Chair with Steel Edge,12/31/1997
*OE000715*,MAIN BUILDING,M20,1,Training Chair with Steel Edge,12/31/1997
*OE000752*,MAIN BUILDING,M20,1,Chairs for Round Table-Narra,12/31/1997
*OE000753*,MAIN BUILDING,M20,1,Chairs for Round Table-Narra,12/31/1997
*OE000756*,MAIN BUILDING,M20,1,Conference Table-Oval,6/25/1994
*OE000757*,MAIN BUILDING,M20,1,Conference Chair-Tall (Peach),12/31/1997
*OE000758*,MAIN BUILDING,M20,1,Conference Chair-Tall (Peach),12/31/1997
*OE000761*,MAIN BUILDING,M20,1,Conference Chair-Tall (Peach),12/31/1997
*OE001055*,MAIN BUILDING,M20,1,Conference/Board Table,12/31/1997
*OE001060*,MAIN BUILDING,M20,1,Okamura DT13LF Staff,7/19/1997
*OE001089*,MAIN BUILDING,M20,1,Conference/Board Chair (Blue),11/8/1997
*OE001090*,MAIN BUILDING,M20,1,Conference/Board Chair (Blue),11/8/1997
*OE001091*,MAIN BUILDING,M20,1,Conference Chair-Navy Blue,11/8/1997
*OE001092*,MAIN BUILDING,M20,1,Conference/Board Chair (Blue),11/8/1997
*OE001095*,MAIN BUILDING,M20,1,Side Table-Long/Tall,12/31/1997
*OE001157*,MAIN BUILDING,M20,1,Training Chairs (Peach),11/8/1997
*OE001159*,MAIN BUILDING,M20,1,Meeting Chair with Arm Rest (Peach),12/31/1997
*OE001164*,MAIN BUILDING,M20,1,Training Chairs (Peach),11/8/1997
*OE001167*,MAIN BUILDING,M20,1,Training Chairs (Peach),11/8/1997
*OE001182*,MAIN BUILDING,M20,1,Meeting Chair with Arm Rest (Peach),12/31/1997
*OE001201*,MAIN BUILDING,M20,1,Meeting Chair (Peach),11/8/1997
*OE001202*,MAIN BUILDING,M20,1,Training Chairs (Peach),11/8/1997
*OE001203*,MAIN BUILDING,M20,1,Training Chairs (Peach),11/8/1997
*OE001204*,MAIN BUILDING,M20,1,Training Chairs (Peach),11/8/1997
*OE001205*,MAIN BUILDING,M20,1,Meeting Chair (Peach),11/8/1997
*OE001216*,MAIN BUILDING,M20,1,Meeting Chair (Pink),11/8/1997
*OE001316*,MAIN BUILDING,M20,1,Conference Chair-Green,11/8/1997
*OE001404*,MAIN BUILDING,M20,1,Bed for Clinic,12/31/1997
*OE001405*,MAIN BUILDING,M20,1,Bed for Clinic,12/31/1997
*OE001409*,MAIN BUILDING,M20,1,Medicine Cabinet,6/25/1994
*OE001411*,MAIN BUILDING,M20,1,Kelvinator Refrigerator,6/18/1997
*OE001469*,MAIN BUILDING,M20,1,Receptionist Table,12/31/1997
*OE001473*,MAIN BUILDING,M20,1,Reception Table,12/31/1997
*OE001501*,MAIN BUILDING,M20,1,Kneeling Table,12/31/1997
*OE001502*,MAIN BUILDING,M20,1,Kneeling Table,12/31/1997
*OE001503*,MAIN BUILDING,M20,1,Kneeling Table,12/31/1997
*OE001504*,MAIN BUILDING,M20,1,Kneeling Table,12/31/1997
*OE001505*,MAIN BUILDING,M20,1,Kneeling Table,12/31/1997
*OE001506*,MAIN BUILDING,M20,1,Kneeling Table,12/31/1997
*OE001507*,MAIN BUILDING,M20,1,Altar Table,12/31/1997
*OE001707*,MAIN BUILDING,M20,1,Okamura DT03ZB supervisory table,7/19/1997
*OE001709*,MAIN BUILDING,M20,1,Training Chair with Steel Edge,12/31/1997
*OE001710*,MAIN BUILDING,M20,1,Training Chair with Steel Edge,12/31/1997
*OE001717*,MAIN BUILDING,M20,1,Supervisory Chair,12/31/1997
*OE001725*,MAIN BUILDING,M20,1,Weighing scale with height (DETECTO US),12/31/1997
*OE001737*,MAIN BUILDING,M20,1,Stretcher,12/31/1997
*OE001738*,MAIN BUILDING,M20,1,Oxygen Tank,12/31/1997
*OE001739*,MAIN BUILDING,M20,1,Oxygen Tank,12/31/1997
*OE001748*,MAIN BUILDING,M20,1,Locker w/ 6 doors,12/31/1997
*OE001755*,MAIN BUILDING,M20,1,Package type aircon(CS/U-3TUV21SN),2/28/1997
*OE001800*,MAIN BUILDING,M20,1,Table wtih 2 Bench,12/31/1997
*OE001801*,MAIN BUILDING,M20,1,Table wtih 2 Bench,12/31/1997
*OE001802*,MAIN BUILDING,M20,1,Table wtih 2 Bench,12/31/1997
*OE001803*,MAIN BUILDING,M20,1,Table wtih 2 Bench,12/31/1997
*OE001804*,MAIN BUILDING,M20,1,Table wtih 2 Bench,12/31/1997
*OE001805*,MAIN BUILDING,M20,1,Table wtih 2 Bench,12/31/1997
*OE001806*,MAIN BUILDING,M20,1,Table wtih 2 Bench,12/31/1997
*OE001807*,MAIN BUILDING,M20,1,Table wtih 2 Bench,12/31/1997
*OE001808*,MAIN BUILDING,M20,1,Table wtih 2 Bench,12/31/1997
*OE001809*,MAIN BUILDING,M20,1,Table wtih 2 Bench,12/31/1997
*OE001810*,MAIN BUILDING,M20,1,Table wtih 2 Bench,12/31/1997
*OE001814*,MAIN BUILDING,M20,1,Dining Chairs - Stripes,12/31/1997
*OE001815*,MAIN BUILDING,M20,1,Dining Chairs - Stripes,12/31/1997
*OE001819*,MAIN BUILDING,M20,1,Dining Chairs - Stripes,12/31/1997
*OE001822*,MAIN BUILDING,M20,1,Dining Chairs - Stripes,12/31/1997
*OE001824*,MAIN BUILDING,M20,1,Dining Chairs - Stripes,12/31/1997
*OE001825*,MAIN BUILDING,M20,1,Dining Chairs - Stripes,12/31/1997
*OE001831*,MAIN BUILDING,M20,1,Dining Chairs - Stripes,12/31/1997
*OE001832*,MAIN BUILDING,M20,1,Dining Chairs - Stripes,12/31/1997
*OE001833*,MAIN BUILDING,M20,1,Dining Chairs - Stripes,12/31/1997
*OE001851*,MAIN BUILDING,M20,1,Table wtih 2 Bench,12/31/1997
*OE001852*,MAIN BUILDING,M20,1,Table wtih 2 Bench,12/31/1997
*OE001853*,MAIN BUILDING,M20,1,Table wtih 2 Bench,12/31/1997
*OE001854*,MAIN BUILDING,M20,1,Table wtih 2 Bench,12/31/1997
*OE001855*,MAIN BUILDING,M20,1,Table wtih 2 Bench,12/31/1997
*OE001856*,MAIN BUILDING,M20,1,Table wtih 2 Bench,12/31/1997
*OE001857*,MAIN BUILDING,M20,1,Table wtih 2 Bench,12/31/1997
*OE001858*,MAIN BUILDING,M20,1,Table wtih 2 Bench,12/31/1997
*OE001859*,MAIN BUILDING,M20,1,Table wtih 2 Bench,12/31/1997
*OE001860*,MAIN BUILDING,M20,1,Table wtih 2 Bench,12/31/1997
*OE001861*,MAIN BUILDING,M20,1,Table wtih 2 Bench,12/31/1997
*OE001862*,MAIN BUILDING,M20,1,Table wtih 2 Bench,12/31/1997
*OE001863*,MAIN BUILDING,M20,1,Table wtih 2 Bench,12/31/1997
*OE001864*,MAIN BUILDING,M20,1,Table wtih 2 Bench,12/31/1997
*OE001865*,MAIN BUILDING,M20,1,Table wtih 2 Bench,12/31/1997
*OE001896*,MAIN BUILDING,M20,1,Stainless Food Warmer,12/31/1997
*OE001898*,MAIN BUILDING,M20,1,Stainless Steel Sink Table,12/31/1997
*OE001899*,MAIN BUILDING,M20,1,Stainless Steel Sink Table,12/31/1997
*OE001908*,MAIN BUILDING,M20,1,Stainless Table for Dishwashing,12/31/1997
*OE001909*,MAIN BUILDING,M20,1,Stainless Table with 4 Drawers,12/31/1997
*OE001910*,MAIN BUILDING,M20,1,Stainless Chiller,12/31/1997
*OE001911*,MAIN BUILDING,M20,1,Rack for Groceries,12/31/1997
*OE001912*,MAIN BUILDING,M20,1,Rack for Groceries,12/31/1997
*OE001913*,MAIN BUILDING,M20,1,Rack for Groceries,12/31/1997
*OE001916*,MAIN BUILDING,M20,1,Soiled Dish Cart,12/31/1997
*OE001917*,MAIN BUILDING,M20,1,Soiled Dish Cart,12/31/1997
*OE001918*,MAIN BUILDING,M20,1,Sink with 2 Holes,12/31/1997
*OE001919*,MAIN BUILDING,M20,1,Sink with 2 Holes,12/31/1997
*OE001922*,MAIN BUILDING,M20,1,3 Open Top Burner,12/31/1997
*OE001923*,MAIN BUILDING,M20,1,3 open Top Low Pressure Burner,12/31/1997
*OE001924*,MAIN BUILDING,M20,1,"Range, 3 Open Top HP Burner",12/31/1997
*OE001925*,MAIN BUILDING,M20,1,L-Shaped Service Sink Table,12/31/1997
*OE001926*,MAIN BUILDING,M20,1,Rack for Groceries,12/31/1997
*OE001929*,MAIN BUILDING,M20,1,Stainless Kitchen Table,12/31/1997
*OE001930*,MAIN BUILDING,M20,1,Sink Table with Utensils Hanger,12/31/1997
*OE001980*,MAIN BUILDING,M20,1,Package type aircon(CS/U-3TUV21SN),2/28/1997
*OE001981*,MAIN BUILDING,M20,1,Package type aircon(CS/U-5TUV4),2/28/1997
*OE001982*,MAIN BUILDING,M20,1,Package type aircon(CS/U-5BV31),2/28/1997
*OE001983*,MAIN BUILDING,M20,1,Package type aircon(CS/U-5TUV4),2/28/1997
*OE001984*,MAIN BUILDING,M20,1,Package type aircon(CS/U-5BV31),2/28/1997
*OE001985*,MAIN BUILDING,M20,1,Package type aircon(CS/U-5TUV4),2/28/1997
*OE001986*,MAIN BUILDING,M20,1,Package type aircon(CS/U-5TUV4),2/28/1997
*OE001987*,MAIN BUILDING,M20,1,Package type aircon(CS/U-3TUV21SN),2/28/1997
*OE001989*,MAIN BUILDING,M20,1,Package type aircon(CS/U-5TUV4),2/28/1997
*OE001992*,MAIN BUILDING,M20,1,Package type aircon(CS/U-3TUV21SN),2/28/1997
*OE001993*,MAIN BUILDING,M20,1,Package type aircon(CS/U-5TUV4),2/28/1997
*OE002088*,MAIN BUILDING,M20,1,Okamura DT03ZB Supervisory table,7/19/1997
*OE002205*,MAIN BUILDING,M20,1,1 Seater Sofa (Peach),9/30/1992
*OE002206*,MAIN BUILDING,M20,1,1 Seater Sofa (Peach),9/30/1992
*OE002207*,MAIN BUILDING,M20,1,3 Seater Sofa (Peach),9/30/1992
*OE002221*,MAIN BUILDING,M20,1,Paper Shredder,8/19/1998
*OE002292*,MAIN BUILDING,M20,1,FASCON Lateral filing cabinet - 3 drawer,7/9/1997
*OE002293*,MAIN BUILDING,M20,1,FASCON Lateral steel filing cabinet-3 dr,7/19/1997
*OE002294*,MAIN BUILDING,M20,1,Fascon Steel Filing Cabinet ( Lateral),9/7/1998
*OE002309*,MAIN BUILDING,M20,1,Conference Chair-Blue,11/8/1997
*OE002310*,MAIN BUILDING,M20,1,Conference Chair-Blue,11/8/1997
*OE002312*,MAIN BUILDING,M20,1,Conference Chair-Blue,11/8/1997
*OE002313*,MAIN BUILDING,M20,1,Conference Chair-Blue,11/8/1997
*OE002314*,MAIN BUILDING,M20,1,Conference Chair-Blue,11/8/1997
*OE002315*,MAIN BUILDING,M20,1,Conference Chair-Blue,11/8/1997
*OE002316*,MAIN BUILDING,M20,1,Conference Chair-Blue,11/8/1997
*OE002325*,MAIN BUILDING,M20,1,Projector Table,12/31/1997
*OE002328*,MAIN BUILDING,M20,1,Conference Chair-Green,11/8/1997
*OE002332*,MAIN BUILDING,M20,1,Conference Chair-Green,11/8/1997
*OE002333*,MAIN BUILDING,M20,1,Conference Chair-Green,11/8/1997
*OE002335*,MAIN BUILDING,M20,1,Conference Chair-Green,11/8/1997
*OE002336*,MAIN BUILDING,M20,1,Conference Chair-Green,11/8/1997
*OE002337*,MAIN BUILDING,M20,1,Conference Chair-Green,11/8/1997
*OE002339*,MAIN BUILDING,M20,1,Conference Chair-Green,11/8/1997
*OE002341*,MAIN BUILDING,M20,1,Conference Chair-Green,11/8/1997
*OE002342*,MAIN BUILDING,M20,1,Conference Chair-Green,11/8/1997
*OE002407*,MAIN BUILDING,M20,1,FASCON lateral filing cabinet-2 drawers,12/31/1997
*OE002408*,MAIN BUILDING,M20,1,FASCON lateral filing cabinet-2 drawers,12/31/1997
*OE002411*,MAIN BUILDING,M20,1,Clerical Revolving Chair,10/27/1988
*OE002412*,MAIN BUILDING,M20,1,Fascon lateral filing cabinet-2 drawers,12/31/1997
*OE002414*,MAIN BUILDING,M20,1,FASCON - Lateral filing cabinet 3 drw,7/9/1997
*OE002415*,MAIN BUILDING,M20,1,FASCON - Lateral filing cabinet 3 drw,7/9/1997
*OE002416*,MAIN BUILDING,M20,1,FASCON Lateral filing cabinet - 3 drawer,7/9/1997
*OE002417*,MAIN BUILDING,M20,1,FASCON Lateral steel filing cabinet-3 dr,7/19/1997
*OE002418*,MAIN BUILDING,M20,1,FASCON lateral filing cabinet-2 drawers,12/31/1997
*OE002426*,MAIN BUILDING,M20,1,Clerical Revolving Chair,9/27/1989
*OE002434*,MAIN BUILDING,M20,1,FASCON lateral filing cabinet-2 drawers,8/11/1997
*OE002436*,MAIN BUILDING,M20,1,FASCON lateral filing cabinet-3 drawers,8/11/1997
 *OE002437* ,MAIN BUILDING,M20,1,FASCON - Lateral filing cabinet 3 drw,7/9/1997
*OE002438*,MAIN BUILDING,M20,1,Fascon lateral filing cabinet-2 drawers,12/31/1997
*OE002441*,MAIN BUILDING,M20,1,FASCON Lateral filing cabinet-3 drawer,7/9/1997
*OE002442*,MAIN BUILDING,M20,1,FASCON - Lateral filing cabinet 3 drw,7/9/1997
*OE002443*,MAIN BUILDING,M20,1,FASCON - Lateral filing cabinet 3 drw,7/9/1997
*OE002444*,MAIN BUILDING,M20,1,FASCON Lateral filing cabinet - 3 drawer,7/9/1997
*OE002445*,MAIN BUILDING,M20,1,FASCON Lateral filing cabinet-3 drawer,7/9/1997
*OE002453*,MAIN BUILDING,M20,1,FASCON - Lateral filing cabinet 3 drw,7/9/1997
*OE002454*,MAIN BUILDING,M20,1,FASCON lateral filing cabinet-3 drawers,8/11/1997
*OE002455*,MAIN BUILDING,M20,1,FASCON - Lateral filing cabinet 3 drw,7/9/1997
*OE002469*,MAIN BUILDING,M20,1,Supervisory Chair,7/9/1997
*OE002470*,MAIN BUILDING,M20,1,Supervisory Chair,11/16/1990
*OE002477*,MAIN BUILDING,M20,1,FASCON lateral filing cabinet-2 drawers,8/11/1997
*OE002483*,MAIN BUILDING,M20,1,Paper Cutter,12/31/1997
*OE002502*,MAIN BUILDING,M20,1,Training Chairs (Peach),11/8/1997
*OE002522*,MAIN BUILDING,M20,1,Fascon lateral filing cabinet-2 drawers,8/11/1997
*OE002530*,MAIN BUILDING,M20,1,FASCON lateral filing cabinet-2 drawers,8/11/1997
*OE002650*,MAIN BUILDING,M20,1,Supervisory Chair,7/9/1997
*OE002653*,MAIN BUILDING,M20,1,Supervisory Chair,8/8/1997
*OE007465*,MAIN BUILDING,M20,1,LABOR & MATERIALS FOR 5T KOPPEL AIRCON FLOOR MOUNTED AIRCON,5/16/2013
*OE007466*,MAIN BUILDING,M20,1,6HP.MITSUBISHI FLR MOUNTED INVERTER AC,11/30/2013
*OE007469*,MAIN BUILDING,M20,1,GRASS CUTTER,6/29/2016
*OE007470*,MAIN BUILDING,M20,1,1 UNIT PANASONIC 7.6 CU FT REFRIGERATOR,7/8/2016
*OE007472*,MAIN BUILDING,M20,1,1 UNIT HEAVY DUTY LAMINATING MACHINE,3/2/2017
*OE007473*,MAIN BUILDING,M20,1,1 LOT SUPPLY & INSTALLATION OF CCTV (3 SETS),5/12/2017
*OE007474*,MAIN BUILDING,M20,1,1 UNIT KAWASAKI JAPAN GRASS CUTTER,5/31/2017
*OE007475*,MAIN BUILDING,M20,1,1 LOT 5 SETS CCTV SUPPLY & INSTALLATION,5/26/2017
*OE007478*,MAINTENANCE,M20,1,"1 UNIT JC KAWASAKI MC5800 CHAINSAW 22""",7/20/2017
*OE007482*,MAIN BUILDING,M20,3,3 UNITS MIDEA 5TR FLR MOUNTED INVERTER AC,11/17/2017
*OE007482*,AVR,M20,1,1 UNIT MIDEA 5TR FLR MOUNTED INVERTER AC,11/17/2017
*OE007483*,MAIN BUILDING,M20,1,1 UNIT TCL AIRCON TAC WITH INSTALLATION (UNION SUP OFFICE),12/31/2017
*OETC0326*,MAIN BUILDING,M20,1,Altar Table,12/31/1997
*OETC0335*,MAIN BUILDING,M20,1,Dumbells 10  lbs,6/30/1993
*OETC0343*,MAIN BUILDING,M20,1,Dumbells 5  lbs,6/30/1993
*OETC0370*,MAIN BUILDING,M20,1,Barbell bars with collar stainless,6/30/1993
*OETC0374*,MAIN BUILDING,M20,1,Locker w/ 6 doors,12/31/1997
*OETC0376*,MAIN BUILDING,M20,1,Locker w/ 6 doors,12/31/1997
*OETC0377*,MAIN BUILDING,M20,1,Locker w/ 6 doors,12/31/1997
*OETC0378*,MAIN BUILDING,M20,1,Locker w/ 6 doors,12/31/1997
*OETC0381*,MAIN BUILDING,M20,1,Locker w/ 6 doors,12/31/1997
*OETC0382*,MAIN BUILDING,M20,1,Locker w/ 6 doors,12/31/1997
*OETC0383*,MAIN BUILDING,M20,1,Locker w/ 6 doors,12/31/1997
*OETC0384*,MAIN BUILDING,M20,1,Locker w/ 6 doors,12/31/1997
*OETC0388*,MAIN BUILDING,M20,1,Locker w/ 6 doors,12/31/1997
*OETC0389*,MAIN BUILDING,M20,1,Locker w/ 6 doors,12/31/1997
*OETC0390*,MAIN BUILDING,M20,1,Locker w/ 6 doors,12/31/1997
*OETC0391*,MAIN BUILDING,M20,1,Locker w/ 6 doors,12/31/1997
*OETC0392*,MAIN BUILDING,M20,1,Locker w/ 6 doors,12/31/1997
*OETC0393*,MAIN BUILDING,M20,1,Locker w/ 6 doors,12/31/1997
*OETC0403*,MAIN BUILDING,M20,1,Sit-up Bench,12/31/1997
*OETC0437*,MAIN BUILDING,M20,1,Hanger Stand,12/31/1997
*OETC0442*,MAIN BUILDING,M20,1,NEC Telephone,12/31/1997
*OETC0443*,MAIN BUILDING,M20,1,NEC Telephone,12/31/1997
*OETC0450*,MAIN BUILDING,M20,1,Mail Rack,12/31/1997
 *OETC0514* ,MAIN BUILDING,M20,1,Karaoke System,11/30/1990
 *OETC0538* ,MAIN BUILDING,M20,2,Stethoscope,7/22/1993
 *OETC0546* ,MAIN BUILDING,M20,1,Stainless Barbell bar,9/30/1993
 *OETC0575* ,MAIN BUILDING,M20,1,Koppel split type air conditioning floor,1/31/1997
 *OETC0605* ,MAIN BUILDING,M20,1,Chairs for Round Table-Narra,12/31/1997
 *OETC0606* ,MAIN BUILDING,M20,1,Chairs for Round Table-Narra,12/31/1997
 *OETC0656* ,MAIN BUILDING,M20,1,Monoblock Chair,12/31/1997
 *OETC0658* ,MAIN BUILDING,M20,1,Monoblock Chair,12/31/1997
 *OETC0660* ,MAIN BUILDING,M20,1,Monoblock Chair,12/31/1997
 *OETC0661* ,MAIN BUILDING,M20,1,Monoblock Chair,12/31/1997
 *OETC0662* ,MAIN BUILDING,M20,1,Monoblock Chair,12/31/1997
 *OETC0663* ,MAIN BUILDING,M20,1,Monoblock Chair,12/31/1997
 *OETC0664* ,MAIN BUILDING,M20,1,Monoblock Chair,12/31/1997
 *OETC0665* ,MAIN BUILDING,M20,1,Monoblock Chair,12/31/1997
 *OETC0666* ,MAIN BUILDING,M20,1,Monoblock Chair,12/31/1997
 *OETC0667* ,MAIN BUILDING,M20,1,Monoblock Chair,12/31/1997
 *OETC0668* ,MAIN BUILDING,M20,1,Monoblock Chair,12/31/1997
 *OETC0669* ,MAIN BUILDING,M20,1,Monoblock Chair,12/31/1997
 *OETC0670* ,MAIN BUILDING,M20,1,Monoblock Chair,12/31/1997
 *OETC0671* ,MAIN BUILDING,M20,1,Monoblock Chair,12/31/1997
 *OETC0672* ,MAIN BUILDING,M20,1,Monoblock Chair,12/31/1997
 *OETC0673* ,MAIN BUILDING,M20,1,Monoblock Chair,12/31/1997
 *OETC0697* ,MAIN BUILDING,M20,1,Round Meeting Table,12/31/1997
 *OETC0716* ,MAIN BUILDING,M20,1,Training Chair with Steel Edge,12/31/1997
 *OETC0777* ,MAIN BUILDING,M20,1,Training Chairs (Peach),11/8/1997
 *OETC0778* ,MAIN BUILDING,M20,1,Training Chairs (Peach),11/8/1997
 *OETC0779* ,MAIN BUILDING,M20,1,Training Chairs (Peach),11/8/1997
 *OETC0798* ,MAIN BUILDING,M20,1,Package type aircon(CS/U-3TUV21SN),2/28/1997
 *OETC0799* ,MAIN BUILDING,M20,1,Package type aircon(CS/U-3TUV21SN),2/28/1997
 *OETC0800* ,MAIN BUILDING,M20,1,Package type aircon(CS/U-3TUV21SN),2/28/1997
 *OETC0801* ,MAIN BUILDING,M20,1,Package type aircon(CS/U-5TUV4),2/28/1997
 *OETC0804* ,MAIN BUILDING,M20,1,Package type aircon(CS/U-3TUV21SN),2/28/1997
 *OETC0811* ,MAIN BUILDING,M20,1,Package type aircon(CS/U-5TUV4),2/28/1997
 *OETC0825* ,MAIN BUILDING,M20,1,Conference table for Boardroom,11/15/1997
 *OETC0861* ,MAIN BUILDING,M20,1,Leg Press,8/31/1993
 *OETC0862* ,MAIN BUILDING,M20,1,Power Bench,9/30/1993
 *OETC0863* ,MAIN BUILDING,M20,1,Seated calf machine,9/30/1993
 *OETC2114* ,MAIN BUILDING,M20,1,Venetian blinds,6/6/1998
 *OETC2118* ,MAIN BUILDING,M20,1,Installation of Venetian Blinds,1/30/1998
 *OE007487* ,MAIN BUILDING,M20,1,Grass cutter (Kawasaki TD-40),10/16/2019
 *OE007482* ,MAIN BUILDING,M20,1,1 LOT REPAIR MIDEA AIRCONDITIONER,1/31/2020
 *OE007489* ,MAIN BUILDING,M20,3,3 UNITS AIR CONDITION AT MEETING ROOMS,9/10/2020
 *OE007491* ,MAIN BUILDING,M20,1,1 SET GRASS CUTTER TD 40,4/30/2021
 *OE007492* ,MAIN BUILDING,M20,1,1 UNIT SHARP AIR PURIFIER PACKAGE,4/30/2021
 *OETC0984* ,PRODN OFFICE,M20,1,NEC Telephone,12/31/1997
 *OETC0986* ,PRODN OFFICE,M20,1,NEC Telephone,12/31/1997
 *OETC0988* ,PRODN OFFICE,M20,1,NEC Telephone,12/31/1997
 *OETC0989* ,PRODN OFFICE,M20,1,NEC Telephone,12/31/1997
 *OETC0990* ,PRODN OFFICE,M20,1,NEC Telephone,12/31/1997
 *OETC0991* ,PRODN OFFICE,M20,1,NEC Telephone,12/31/1997
 *OE001063* ,PRODN OFFICE,M20,1,Managerial table (03ZB) double ped 3 dra,6/6/1997
 *OE001132* ,MAINTENANCE,M20,1,Okamura DT03ZB Supervisory table,7/19/1997
 *OE001967* ,MAINTENANCE,M20,1,Supervisory Chair,2/21/1992
 *OE002020* ,MAINTENANCE,M20,1,Supervisory Chair,7/19/1995
 *OE002021* ,MAINTENANCE,M20,1,Supervisory Chair,12/31/1997
 *OE002080* ,MAINTENANCE,M20,1,Okamura DT03ZB Managerial table,7/19/1997
 *OE002084* ,MAINTENANCE,M20,1,Okamura DT03ZB Managerial table,7/19/1997
 *OE002104* ,MAINTENANCE,M20,1,Okamura DT03ZB Managerial table,7/19/1997
 *OE002138* ,MAINTENANCE,M20,1,Okamura DE03ZB Managerial table,7/19/1997
 *OE002188* ,MAINTENANCE,M20,1,Supervisory Chair,9/20/1989
 *OE002193* ,MAINTENANCE,M20,1,Supervisory Chair,5/26/1988
 *OETC1172* ,MAINTENANCE,M20,1,NEC Telephone,12/31/1997
 *OETC1174* ,MAINTENANCE,M20,1,Supervisory Chair,8/31/1988
 *OETC1188* ,MAINTENANCE,M20,1,Supervisory Chair,9/20/1989
 *OETC1197* ,MAINTENANCE,M20,1,Supervisory Chair,5/20/1988
 *OETC1198* ,MAINTENANCE,M20,1,NEC Telephone,12/31/1997
 *OETC1199* ,MAINTENANCE,M20,1,NEC Telephone,12/31/1997
 *OETC1201* ,MAINTENANCE,M20,1,NEC Telephone,12/31/1997
 *OE002108* ,PRODN OFFICE,M20,1,Okamura DT54YB Staff table,7/19/1997
 *OE000602* ,PRODN OFFICE,M20,1,FASCON lateral filing cabinet-3 drawer,7/19/1997
 *OE000603* ,PRODN OFFICE,M20,1,FASCON lateral filing cabinet-3 drawer,7/19/1997
 *OE000828* ,PRODN OFFICE,M20,1,Supervisory Chair,8/14/1991
 *OE000833* ,PRODN OFFICE,M20,1,Supervisory Chair,11/16/1990
 *OE000860* ,PRODN OFFICE,M20,1,Supervisory Chair,7/31/1992
 *OE001042* ,PRODN OFFICE,M20,1,Okamura DT54YB Secretary,7/19/1997
 *OE001690* ,PRODN OFFICE,M20,1,Monoblock Chair,12/31/1997
 *OE002077* ,MAINTENANCE,M20,1,Okamura DT13LF Staff table,7/19/1997
 *OE002090* ,PRODN OFFICE,M20,1,Okamura DT13LF Staff table,7/19/1997
 *OE002101* ,PRODN OFFICE,M20,1,Okamura DT03ZB Managerial table,7/19/1997
 *OE002103* ,PRODN OFFICE,M20,1,Okamura DT03ZB Managerial table,7/19/1997
 *OE002114* ,PRODN OFFICE,M20,1,Fascon Lateral filing cabinet-3 drawers,8/11/1997
 *OE002115* ,PRODN OFFICE,M20,1,Fascon Lateral filing cabinet-3 drawers,8/11/1997
 *OE002116* ,PRODN OFFICE,M20,1,Fascon Lateral filing cabinet-3 drawers,8/11/1997
 *OE002123* ,PRODN OFFICE,M20,1,FASCON lateral filing cabinet,8/11/1997
 *OE002128* ,PRODN OFFICE,M20,1,FASCON lateral filing cabinet,8/11/1997
 *OE002129* ,PRODN OFFICE,M20,1,FASCON lateral filing cabinet,8/11/1997
 *OE002130* ,MAINTENANCE,M20,1,Fascon lateral filing cabinet-3 drawers,8/11/1997
 *OE002131* ,PRODN OFFICE,M20,1,FASCON lateral filing cabinet-3 drawer,7/9/1997
 *OE002132* ,PRODN OFFICE,M20,1,FASCON lateral filing cabinet-3 drawer,8/11/1997
 *OE002142* ,PRODN OFFICE,M20,1,FASCON lateral filing cabinet,8/11/1997
 *OE002163* ,PRODN OFFICE,M20,1,Fascon Lateral Cabinet - Beige,7/21/1998
 *OE002166* ,PRODN OFFICE,M20,1,Fascon lateral filing cabinet-3 drawers,8/11/1997
 *OE002209* ,PRODN OFFICE,M20,1,Okamura DT54YB Staff table,7/19/1997
 *OE002448* ,ENGINEERING,M20,1,FASCON lateral filing cabinet-2 drawers,12/31/1997
 *OE002551* ,PRODN OFFICE,M20,1,Steel filing cabinet g. 20 4-drawer,6/19/1995
 *OE002576* ,PRODN OFFICE,M20,1,Filing Cabinet x 3 - Small,10/23/1993
 *OE002577* ,PRODN OFFICE,M20,1,Filing Cabinet x 3 - Small,10/23/1993
 *OE002620* ,PRODN OFFICE,M20,1,Supervisory chair(904),8/8/1997
 *OE003498* ,PRODN OFFICE,M20,1,Steel Filing Cabinet x 4 - Fascon,8/27/1996
 *OETC0071* ,PRODN OFFICE,M20,3,Clerical Office Tables,5/20/1988
 *OETC0072* ,PRODN OFFICE,M20,1,Junior Executive Tables,5/20/1988
 *OETC0073* ,PRODN OFFICE,M20,3,Office Table with Topglass 24,5/31/1997
 *OETC0076* ,PRESS PLANT,M20,1,Mutok,5/31/1997
 *OETC0077* ,PRODN OFFICE,M20,1,256KB IC card buffer,4/27/1992
 *OETC0082* ,PRODN OFFICE,M20,1,Clerical Tables,4/27/1988
 *OETC0083* ,PRODN OFFICE,M20,1,Typing Table,11/23/1988
 *OETC0084* ,PRODN OFFICE,M20,3,Office Table with Topglass 24,5/31/1997
 *OETC0085* ,PRODN OFFICE,M20,1,Digi Teraoka DC-80 series compact electr,8/10/1994
 *OETC0266* ,PRODN OFFICE,M20,1,"Rota aire, 3D Aero jumbo w/ stand",5/25/1993
 *OETC1047* ,PRODN OFFICE,M20,1,Supervisory Chair,9/20/1989
 *OETC1105* ,PRODN OFFICE,M20,1,Steel Filing Cabinet - 4 drawers,6/30/1990
 *OETC1106* ,PRODN OFFICE,M20,1,Steel Filing Cabinet - 4 drawers,6/30/1990
 *OETC1107* ,PRODN OFFICE,M20,1,Steel Filing Cabinet - 4 drawers,6/30/1990
 *OETC1108* ,PRODN OFFICE,M20,1,Steel Filing Cabinet - 4 drawers,6/30/1990
 *OETC1109* ,PRODN OFFICE,M20,1,Steel Filing Cabinet - 4 drawers,6/30/1990
 *OETC1110* ,PRODN OFFICE,M20,1,Clerical Revolving Chairs,5/3/1988
 *OETC1127* ,PRODN OFFICE,M20,1,Paper shredder(Uchida ES-220N),3/12/1996
 *OETC1149* ,PRODN OFFICE,M20,1,NEC Telephone,12/31/1997
 *OETC1303* ,PRODN OFFICE,M20,1,NEC Telephone,12/31/1997
 *OETC1308* ,PRODN OFFICE,M20,1,Clerical Chair- Gray,12/31/1997
 *OETC1309* ,PRODN OFFICE,M20,1,Clerical Chair- Gray,12/31/1997
 *OETC1310* ,PRODN OFFICE,M20,1,Clerical Chair- Gray,12/31/1997
 *OETC1311* ,PRODN OFFICE,M20,1,Clerical Chair- Gray,12/31/1997
 *OETC1312* ,PRODN OFFICE,M20,1,Clerical Chair- Gray,12/31/1997
 *OETC1313* ,PRODN OFFICE,M20,1,Clerical Chair- Gray,12/31/1997
 *OETC1314* ,PRODN OFFICE,M20,1,Clerical Chair- Gray,12/31/1997
 *OETC1315* ,PRODN OFFICE,M20,1,Clerical Chair- Gray,12/31/1997
 *OETC1316* ,PRODN OFFICE,M20,1,Clerical Chair- Gray,12/31/1997
 *OETC1317* ,PRODN OFFICE,M20,1,Clerical Chair- Gray,12/31/1997
 *OETC1512* ,PRODN OFFICE,M20,1,Okamura DT13LF Staff table,7/19/1997
 *OETC1667* ,PRODN OFFICE,M20,1,Okamura DT13LF Staff table,7/19/1997
 *OETC1333* ,PRODN OFFICE,M20,1,NEC Telephone,12/31/1997
 *OE007471* ,MAIN BUILDING,M20,1,KOPPEL MANUAL WINDOW TYPE AIRCON,2/8/2017
 *OE007497* ,CONDO ALABANG,M20,1,1 UNIT NIDEKA TM2800 FINGERPRINT SCANNER WITH FREE LITERVERSION SOFTWARE IN USB SN: NDNF14289033,2/8/2022
 *OE007503* ,CONDO ALABANG,M20,1,1 Unit Yokatta Fx-100 time recorder; with free Fx100 software lite in USB ,2/13/2023
 *OE000768* ,MAIN BUILDING,M20,1,FASCON lateral filing cabinet-3 drawer,8/11/1997
 *OE000769* ,MAIN BUILDING,M20,1,FASCON lateral filing cabinet-3 drawer,7/19/1997
 *OE000770* ,MAIN BUILDING,M20,1,FASCON lateral filing cabinet-3 drawer,8/11/1997
 *OE000771* ,MAIN BUILDING,M20,1,FASCON lateral filing cabinet-3 drawer,8/11/1997
 *OE000774* ,MAIN BUILDING,M20,1,FASCON lateral filing cabinet-3 drawer,7/19/1997
 *OE000776* ,MAIN BUILDING,M20,1,FASCON lateral filing cabinet-3 drawer,7/19/1997
 *OE000778* ,MAIN BUILDING,M20,1,FASCON lateral filing cabinet-3 drawer,8/11/1997
 *OE000779* ,MAIN BUILDING,M20,1,FASCON lateral filing cabinet-3 drawer,7/19/1997
 *OE000830* ,MAIN BUILDING,M20,1,Clerical Chair - Gray,12/31/1997
 *OE000843* ,MAIN BUILDING,M20,1,Okamura DT03ZB Supervisory table,7/19/1997
 *OE000872* ,MAIN BUILDING,M20,1,Okamura DT03ZB Managerial table,7/19/1997
 *OETC0946* ,MAIN BUILDING,M20,1,FASCON lateral filing cabinet-3 drawer,7/19/1997
 *OETC0947* ,MAIN BUILDING,M20,1,FASCON lateral filing cabinet-3 drawer,7/19/1997
 *OETC0955* ,MAIN BUILDING,M20,1,NEC Analog Telephone,12/31/1997
 *OETC1148* ,PRODN OFFICE,M20,1,Fascon Lateral filing cabinet-3 drawers,8/11/1997
 *OE000874* ,MAIN BUILDING,M20,1,Okamura DT03ZB Supervisory table,7/19/1997
 *OE001033* ,MAIN BUILDING,M20,1,Okamura DT13LF Staff table,7/19/1997
 *OE001077* ,MAIN BUILDING,M20,1,Okamura DT13LF Staff table,7/19/1997
 *OE007479* ,MAIN BUILDING,M20,1,1 UNIT YL YSV390 DB1 VALUE SPACE OFFICE,7/23/2017
 *OE007481* ,IT,M20,1,1 UNIT 3TR FLOOR MOUNTED CARRIER INVERTER,9/26/2017
 *OE007486* ,MAIN BUILDING,M20,1,1 SET 1.5HP WINDOW MANUAL TYPE AIR CONDITIONING,4/30/2019
*OE000780*,MAIN BUILDING,M20,1,FASCON lateral filing cabinet-3 drawer,8/11/1997
*OE000781*,MAIN BUILDING,M20,1,FASCON lateral filing cabinet-3 drawer,8/11/1997
*OE000782*,MAIN BUILDING,M20,1,FASCON lateral filing cabinet-3 drawer,8/11/1997
*OE000783*,MAIN BUILDING,M20,1,FASCON lateral filing cabinet-3 drawer,7/9/1997
*OE000784*,MAIN BUILDING,M20,1,FASCON lateral filing cabinet-3 drawer,7/9/1997
 *OE000785* ,MAIN BUILDING,M20,1,FASCON lateral filing cabinet-3 drawer,8/11/1997
 *OE000786* ,MAIN BUILDING,M20,1,FASCON lateral filing cabinet-3 drawer,7/9/1997
 *OE000787* ,MAIN BUILDING,M20,1,FASCON lateral filing cabinet-3 drawer,7/9/1997
 *OE000790* ,MAIN BUILDING,M20,1,FASCON lateral filing cabinet-3 drawer,7/9/1997
 *OE000791* ,MAIN BUILDING,M20,1,FASCON lateral filing cabinet-3 drawer,7/9/1997
 *OE000792* ,MAIN BUILDING,M20,1,FASCON lateral filing cabinet-3 drawer,8/11/1997
*OE000793*,MAIN BUILDING,M20,1,FASCON lateral filing cabinet-3 drawer,7/9/1997
*OE000811*,MAIN BUILDING,M20,1,Okamura DT03ZB Supervisory table,7/19/1997
*OE000812*,MAIN BUILDING,M20,1,Okamura DT03ZB Supervisory Table,7/19/1997
*OE000818*,MAIN BUILDING,M20,1,Computer table (24ZE),6/6/1997
*OE001476*,MAIN BUILDING,M20,1,Clerical Chair - Gray,12/31/1997
*OETC0972*,MAIN BUILDING,M20,1,FASCON lateral filing cabinet-3 drawer,8/11/1997
*OETC1267*,MAIN BUILDING,M20,1,Clerical Chair - Gray,12/31/1997
*OETC1268*,MAIN BUILDING,M20,1,Clerical Chair - Gray,12/31/1997
*OETC1270*,MAIN BUILDING,M20,1,NEC Analog Telephone,12/31/1997
*OE001015*,MAIN BUILDING,M20,1,Okamura DT13LF Staff table,7/19/1997
*OE000767*,MAIN BUILDING,M20,1,FASCON lateral filing cabinet-3 drawers,8/11/1997
*OE000802*,MAIN BUILDING,M20,1,FASCON lateral filing cabinet-3 drawers,8/11/1997
*OE000803*,MAIN BUILDING,M20,1,FASCON lateral filing cabinet-3 drawers,8/11/1997
*OE000804*,MAIN BUILDING,M20,1,FASCON lateral filing cabinet-3 drawers,8/11/1997
*OE000805*,MAIN BUILDING,M20,1,FASCON lateral filing cabinet-3 drawers,8/11/1997
*OE000806*,MAIN BUILDING,M20,1,FASCON lateral filing cabinet-3 drawers,8/11/1997
*OE000807*,MAIN BUILDING,M20,1,FASCON lateral filing cabinet-3 drawers,8/11/1997
*OE000809*,MAIN BUILDING,M20,1,Okamura DT03ZB Supervisory table,7/19/1997
*OE001012*,MAIN BUILDING,M20,1,Okamura DT13LF Staff table,7/19/1997
*OE001260*,MAIN BUILDING,M20,1,FASCON lateral filing cabinet-3 drawers,8/11/1997
*OE001756*,MAIN BUILDING,M20,1,Okamura DT13LF Staff table,7/19/1997
*OE002106*,MAIN BUILDING,M20,1,Okamura DT03ZB Managerial table,7/19/1997
*OE002120*,MAIN BUILDING,M20,1,FASCON lateral filing cabinet-3 drawers,8/11/1997
*OE002121*,MAIN BUILDING,M20,1,FASCON lateral filing cabinet-3 drawers,8/11/1997
*OE002122*,MAIN BUILDING,M20,1,FASCON lateral filing cabinet-3 drawers,8/11/1997
*OE002125*,MAIN BUILDING,M20,1,FASCON lateral filing cabinet-3 drawers,8/11/1997
*OE002126*,MAIN BUILDING,M20,1,FASCON lateral filing cabinet-3 drawers,8/11/1997
*OE002605*,MAIN BUILDING,M20,1,Okamura DT03ZB Supervisory table,7/19/1997
*OE002627*,MAIN BUILDING,M20,1,Okamura DT03ZB Supervisory table,7/19/1997
*OETC1220*,MAIN BUILDING,M20,1,FASCON lateral filing cabinet-3 drawers,8/11/1997
*OETC1249*,MAIN BUILDING,M20,1,Digicom Telephone,12/31/1997
*OETC1250*,MAIN BUILDING,M20,1,Digicom Telephone,12/31/1997
*OETC1252*,MAIN BUILDING,M20,1,Digicom Telephone,12/31/1997
*OETC1253*,MAIN BUILDING,M20,1,NEC Telephone,12/31/1997
*OETC1254*,MAIN BUILDING,M20,1,Digicom Telephone,12/31/1997
*OETC1255*,MAIN BUILDING,M20,1,Digicom Telephone,12/31/1997
*OE000788*,MAIN BUILDING,M20,1,FASCON lateral filing cabinet-3 drawers,8/11/1997
*OE000857*,MAIN BUILDING,M20,1,Visotors Chair - Gray,12/31/1997
*OE002462*,MAIN BUILDING,M20,1,Visitors Chair - Brown,12/31/1997
*OE007462*,MAIN BUILDING,M20,1,ELECTRONIC TYPEWRITER BROTHER GX-8250,7/1/2011
*OETC0897*,MAIN BUILDING,M20,1,Monoblock Chair,12/31/1997
*OE001019*,MAIN BUILDING,M20,1,Okamura DT13LF Staff table,7/19/1997
*OE002001*,MAIN BUILDING,M20,1,Fascon Lateral filing cabinet,8/11/1997
*OE002199*,MAIN BUILDING,M20,1,Supervisory table (03ZD) double ped,6/6/1997
*OE002348*,MAINTENANCE,M20,1,Clerical table with topglass size: 24,5/31/1997
*OE002359*,MAIN BUILDING,M20,1,Visitors chair model: VC 565,3/30/1993
*OETC0977*,MAIN BUILDING,M20,1,NEC Telephone,12/31/1997
*OETC0978*,MAIN BUILDING,M20,1,NEC Telephone,12/31/1997
*OETC1283*,MAIN BUILDING,M20,1,FASCON lateral filing cabinet-2 drawers,12/31/1997
*OETC2129*,MAIN BUILDING,M20,1,"Installation of venetian blinds,white101",7/30/1992
*OE007494*,PHASE 2,M20,1,"1 UNIT 43"" TV SKYWORTH",8/5/2021
*OE007496*,PHASE 3,M20,1,1 LOT L&M INSTALLATION OF CCTV IN PHASE 3 BUILDING,1/21/2022
*OE007498*,PHASE 2,M20,1,1 UNIT COUNTER (DEMO UNIT),3/31/2022
*OE007499*,PHASE 2,M20,1,1 UNIT CANOPY WITH STEEL BAR (DEMO UNIT),3/31/2022
*OE007500*,PHASE 2,M20,1,1 UNIT AIR CONDITIONER 170113 MIDEA A/C FP-51ARA006HMNV-N5 SN: 341E5071201192802S0697 (DEMO UNIT),3/31/2022
*OE001054*,PRODN OFFICE,M20,1,Okamura DT13LF Staff table,7/19/1997
*OE001309*,MAIN BUILDING,M20,1,Okamura DT13LF Staff table,7/19/1997
*OE002066*,PRODN OFFICE,M20,1,Okamura DT13LF Staff table,7/19/1997
*OE002067*,PRODN OFFICE,M20,1,Okamura DT13LF Staff table,7/19/1997
*OE002068*,PRODN OFFICE,M20,1,Okamura DT13LF Staff table,7/19/1997
*OE002069*,PRODN OFFICE,M20,1,Okamura DT13LF Staff table,7/19/1997
*OE002070*,PRODN OFFICE,M20,1,Okamura DT13LF Staff table,7/19/1997
*OE002107*,PRODN OFFICE,M20,1,Okamura DT03ZB Supervisory table,7/19/1997
*OE002140*,PRODN OFFICE,M20,1,Fascon lateral filing cabinet-3 drawers,8/11/1997
*OE002162*,PRODN OFFICE,M20,1,Fascon lateral filing cabinet-3 drawers,8/11/1997
*OE002210*,PRODN OFFICE,M20,1,Okamura DT03ZB Supervisory table,7/19/1997
*OE002372*,PRODN OFFICE,M20,1,Okamura DT03ZB Supervisory table,7/19/1997
*OETC1391*,PRODN OFFICE,M20,1,Cabinet ( 2 divisions),12/29/1992
*OETC1518*,PRODN OFFICE,M20,1,NEC Telephone,12/31/1997
*OETC1509*,PRODN OFFICE,M20,1,NEC Telephone,12/31/1997
*OETC1522*,PRODN OFFICE,M20,1,Steel Filing Cabinet - 4 drawers,6/29/1990
*OETC0414*,BODY SHOP,M20,1,Monoblock Chair,12/31/1997
*OETC0415*,BODY SHOP,M20,1,Monoblock Chair,12/31/1997
*OETC0416*,BODY SHOP,M20,1,Monoblock Chair,12/31/1997
*OETC1407*,BODY SHOP,M20,1,Paging System,12/31/1997
*OETC1466*,BODY SHOP,M20,1,Steel filing cabinet - 4 drawers,8/9/1995
*OE000604*,PAINT SHOP,M20,1,FASCON Lateral filing cabinet-3 drawer,7/9/1997
*OE002485*,PAINT SHOP,M20,1,FASCON Lateral filing cabinet-3 drawer,7/9/1997
*OE002540*,PAINT SHOP,M20,1,FASCON Lateral filing cabinet-3 drawer,7/9/1997
*OETC1475*,PAINT SHOP,M20,1,FASCON Lateral filing cabinet-3 drawer,7/9/1997
*OETC1476*,PAINT SHOP,M20,1,FASCON Lateral filing cabinet-3 drawer,7/9/1997
*OETC1477*,PAINT SHOP,M20,1,FASCON Lateral filing cabinet-3 drawer,7/9/1997
*OETC1478*,PAINT SHOP,M20,1,FASCON Lateral filing cabinet-3 drawer,7/9/1997
*OETC1479*,PAINT SHOP,M20,1,FASCON Lateral filing cabinet-3 drawer,7/9/1997
*OETC1480*,PAINT SHOP,M20,1,FASCON Lateral filing cabinet-3 drawer,7/9/1997
*OE007488*,PAINT SHOP,M20,2,"2 UNITS INDUSTRIAL STAND FAN ASAHI PF2601 26""",7/31/2020
*OE007493*,GENERAL SERVICES,M20,1,1 UNIT INDUSTRIAL STAND FAN ASAHI PF2601,6/15/2021
*OE007495*,GENERAL SERVICES,M20,1,1 UNIT WALL MOUNTED SPLIT INVERTER 2.5HP,11/15/2021
*OE007501*,IT SERVER ROOM,M20,1,1 UNIT 3TR FLOOR MOUNTED CARRIER VSI MODEL: FP53CFV036-1,8/6/2022
*OE007501*,IT SERVER ROOM,M20,1,INSTALLATION COST OF 1 UNIT 3TR FLOOR MOUNTED CARRIER VSI MODEL: FP53CFV036-1,8/6/2022
*OE007502*,FAIR LADY CONFERENCE ROOM,M20,1,1 UNIT 2HP SPLIT TYPE WALL MOUNTED KOPPEL AC INVERTER AIRCON,8/15/2022
*OE007502*,FAIR LADY CONFERENCE ROOM,M20,1,INSTALLATION COST OF 1 UNIT 2HP SPLIT TYPE WALL MOUNTED KOPPEL AC INVERTER AIRCON,8/15/2022
*OE007502*,FAIR LADY CONFERENCE ROOM,M20,1,1 PC. DRAIN PUMP FOR 1 UNIT 2HP SPLIT TYPE WALL MOUNTED KOPPEL AC INVERTER AIRCON,8/15/2022
*OE001255*,CAR ERECTION,M20,1,FASCON lateral filing cabinet-3 drawers,8/11/1997
*OE001259*,CAR ERECTION,M20,1,FASCON lateral filing cabinet-3 drawers,8/11/1997
*OE001327*,CAR ERECTION,M20,1,Okamura DT13LF Staff,7/19/1997
*OE001704*,CAR ERECTION,M20,1,FASCON Lateral filing cabinet - 3 drawer,7/9/1997
*OE002241*,CAR ERECTION,M20,1,Steel Filing Cabinet 4-drawers,6/25/1990
*OE002456*,CAR ERECTION,M20,1,FASCON Lateral filing cabinet - 3 drawer,7/9/1997
*OE002528*,CAR ERECTION,M20,1,FASCON Lateral filing cabinet - 3 drawer,7/9/1997
*OE002529*,CAR ERECTION,M20,1,FASCON Lateral filing cabinet - 3 drawer,7/9/1997
*OE002560*,CAR ERECTION,M20,1,FASCON Lateral filing cabinet - 3 drawer,7/9/1997
*OETC0413*,CAR ERECTION,M20,1,FASCON lateral filing cabinet-3 drawers,8/11/1997
*OETC1487*,CAR ERECTION,M20,1,FASCON Lateral filing cabinet - 3 drawer,7/9/1997
*OETC1488*,CAR ERECTION,M20,1,FASCON Lateral filing cabinet - 3 drawer,7/9/1997
*OETC1526*,MAIN BUILDING,M20,1,Digicom Telephone,12/31/1997
*OE000797*,MAIN BUILDING,M20,1,FASCON lateral filing cabinet-3 drawer,7/9/1997
*OE001312*,MAIN BUILDING,M20,1,Okamura DT13LF Staff table,7/19/1997
*OE001313*,MAIN BUILDING,M20,1,FASCON lateral filing cabinet-3 drawer,8/11/1997
*OE001314*,MAIN BUILDING,M20,1,FASCON lateral filing cabinet-3 drawer,8/11/1997
*OE001326*,PRODN OFFICE,M20,1,Okamura DT13LF Staff table,7/19/1997
*OE002386*,MAIN BUILDING,M20,1,FASCON lateral filing cabinet-3 drawer,8/11/1997
*OETC1547*,MAIN BUILDING,M20,1,Okamura DT03ZB Supervisory table,7/19/1997
*OETC2179*,MAIN BUILDING,M20,1,Koppel Aircon 3 tons,3/31/2005
*OE000891*,QUALITY,M20,1,Visitor,12/31/1997
*OE001058*,QUALITY,M20,1,Okamura DT13LF Staff table,7/19/1997
*OE001059*,QUALITY,M20,1,Okamura DT13LF Staff table,7/19/1997
*OE001066*,QUALITY,M20,1,Okamura DT13LF Staff table,7/19/1997
*OE002072*,PRODN OFFICE,M20,1,Okamura DT13LF Staff table,7/19/1997
*OE002076*,PRODN OFFICE,M20,1,Okamura DT13LF Staff table,7/19/1997
*OE002086*,PRODN OFFICE,M20,1,Okamura DT13LF Staff table,7/19/1997
*OE002110*,QUALITY,M20,1,Okamura DT03ZB Managerial table,7/19/1997
*OE002117*,QUALITY,M20,1,Fascon lateral filing cabinet-3 drawers,8/11/1997
*OE002144*,QUALITY,M20,1,FASCON lateral filing cabinet-2 drawers,8/11/1997
*OE002240*,QUALITY,M20,1,Steel filing cabinet 4 drawer,7/21/1993
*OE002491*,QUALITY,M20,1,Okamura DT03ZB Supervisory table,7/19/1997
*OETC1571*,QUALITY,M20,1,NEC Telephone,12/31/1997
*OETC1568*,QUALITY,M20,1,Fascon lateral filing cabinet-3 drawers,8/11/1997
*OETC1573*,QUALITY,M20,1,NEC Telephone,12/31/1997
*OETC1609*,QUALITY,M20,1,FASCON lateral filing cabinet-2 drawers,8/11/1997
*OETC1606*,QUALITY,M20,1,Okamura DT13LF Staff,7/19/1997
*OETC1603*,QUALITY,M20,1,Vertical steel filing cabinet-4 drawers,8/27/1996
*OETC1616*,QUALITY,M20,1,Okamura DT03ZB supervisory table,7/19/1997
*OETC1878*,QUALITY,M20,1,Okamura DT13LF Staff table,7/19/1997
*OE002508*,MAIN BUILDING,M20,1,Okamura DT03ZB Supervisory table,7/19/1997
*OETC1618*,MAIN BUILDING,M20,1,NEC Telephone,12/31/1997
*OE000629*,MAIN BUILDING,M20,1,FASCON lateral filing cabinet-2 drawers,8/11/1997
*OE002124*,MAIN BUILDING,M20,1,FASCON lateral filing cabinet-2 drawers,8/11/1997
*OE002143*,MAIN BUILDING,M20,1,FASCON lateral filing cabinet-2 drawers,8/11/1997
*OE002152*,MAIN BUILDING,M20,1,FASCON lateral filing cabinet-2 drawers,8/11/1997
*OE002355*,MAIN BUILDING,M20,1,FASCON lateral filing cabinet-2 drawers,12/31/1997
*OE002534*,MAIN BUILDING,M20,1,FASCON lateral filing cabinet-3 drawers,8/11/1997
*OE002535*,MAIN BUILDING,M20,1,FASCON lateral filing cabinet-3 drawers,8/11/1997
*OE002569*,MAIN BUILDING,M20,1,Visitor,12/31/1997
*OE002591*,MAIN BUILDING,M20,1,Okamura DT03ZB Supervisory table,7/19/1997
*OE002598*,MAIN BUILDING,M20,1,Okamura DT03ZB Supervisory table,7/19/1997
*OE002633*,MAIN BUILDING,M20,1,Okamura DT03ZB Supervisory table,7/19/1997
*OE002640*,MAIN BUILDING,M20,1,Okamura DT03ZB Supervisory table,7/19/1997
*OE002642*,MAIN BUILDING,M20,1,Okamura DT03ZB Supervisory table,7/19/1997
*OE002649*,MAIN BUILDING,M20,1,Okamura DT03ZB Supervisory table,7/19/1997
*OETC1644*,MAIN BUILDING,M20,1,Digicom Telephone,12/31/1997
*OETC1645*,MAIN BUILDING,M20,1,Digicom Telephone,12/31/1997
*OETC1646*,MAIN BUILDING,M20,1,NEC Telephone,12/31/1997
*OETC1647*,MAIN BUILDING,M20,1,Digicom Telephone,12/31/1997
*OETC1945*,MAIN BUILDING,M20,1,Okamura DT03ZB Supervisory table,7/19/1997
*OE001044*,MAIN BUILDING,M20,1,Okamura DT032B Supervisory table,7/19/1997
*OE002092*,PRODN OFFICE,M20,1,Okamura DT13LF Staff table,7/19/1997
*OE002093*,MAIN BUILDING,M20,1,Okamura DT13LF Staff table,7/19/1997
*OE002095*,MAIN BUILDING,M20,1,Okamura DT13LF Staff table,7/19/1997
*OE002096*,MAIN BUILDING,M20,1,Okamura DT13LF Staff table,7/19/1997
*OE002099*,MAIN BUILDING,M20,1,Okamura DT13LF Staff table,7/19/1997
*OE002563*,MAIN BUILDING,M20,1,Okamura DT03ZB Supervisory table,7/19/1997
*OE002566*,MAIN BUILDING,M20,1,Okamura DT03ZB Supervisory table,7/19/1997
*OE002580*,MAIN BUILDING,M20,1,Okamura DT13LF Staff table,7/19/1997
*OE002586*,MAIN BUILDING,M20,1,Okamura DT13LF Staff table,7/19/1997
*OE002607*,MAIN BUILDING,M20,1,Okamura DT03ZB Supervisory table,7/19/1997
*OE002611*,MAIN BUILDING,M20,1,Okamura DT03ZB Supervisory table,7/19/1997
*OE002613*,MAIN BUILDING,M20,1,Okamura DT03ZB Supervisory table,7/19/1997
*OE002618*,MAIN BUILDING,M20,1,Okamura DT03ZB Supervisory table,7/19/1997
*OETC1374*,MAIN BUILDING,M20,1,Digicom Telephone,12/31/1997
*OETC1376*,MAIN BUILDING,M20,1,Steel filing cabinet - 4 drawers,8/9/1995
*OETC1669*,MAIN BUILDING,M20,1,Digicom Telephone,12/31/1997
*OETC1670*,MAIN BUILDING,M20,1,Digicom Telephone,12/31/1997
*OETC1671*,MAIN BUILDING,M20,1,Digicom Telephone,12/31/1997
*OETC1672*,MAIN BUILDING,M20,1,Digicom Telephone,12/31/1997
*OETC1675*,MAIN BUILDING,M20,1,NEC Telephone,12/31/1997
*OETC1682*,MAIN BUILDING,M20,1,NEC Telephone,12/31/1997
*OE000049*,TRC,M20,1,FASCON lateral filing cabinet-3 drawers,8/11/1997
*OE000061*,TRC,M20,1,Steel filing cabinet 4 drawer,7/21/1993
*OE000216*,TRC,M20,1,Training Chair with Steel Edge,12/31/1997
*OE000217*,TRC,M20,1,Training Chair with Steel Edge,12/31/1997
*OE000218*,TRC,M20,1,Training Chair with Steel Edge,12/31/1997
*OE000219*,TRC,M20,1,Training Chair with Steel Edge,12/31/1997
*OE000220*,TRC,M20,1,Training Chair with Steel Edge,12/31/1997
*OE000221*,TRC,M20,1,Training Chair with Steel Edge,12/31/1997
*OE000223*,TRC,M20,1,Training Chair with Steel Edge,12/31/1997
*OE000224*,TRC,M20,1,Training Chair with Steel Edge,12/31/1997
*OE000225*,TRC,M20,1,Training Chair with Steel Edge,12/31/1997
*OE000231*,TRC,M20,1,Training Chair with Steel Edge,12/31/1997
*OE000235*,TRC,M20,1,Training Chair with Steel Edge,12/31/1997
*OE000236*,TRC,M20,1,Training Chair with Steel Edge,12/31/1997
*OE000237*,TRC,M20,1,Training Chair with Steel Edge,12/31/1997
*OE000241*,TRC,M20,1,Training Chair with Steel Edge,12/31/1997
*OE000265*,TRC,M20,1,Training Chair with Steel Edge,12/31/1997
*OE000271*,TRC,M20,1,Training Chair with Steel Edge,12/31/1997
*OE000272*,TRC,M20,1,Training Chair with Steel Edge,12/31/1997
*OE000275*,TRC,M20,1,Training Chair with Steel Edge,12/31/1997
*OE000276*,TRC,M20,1,Training Chair with Steel Edge,12/31/1997
*OE000279*,TRC,M20,1,Training Chair with Steel Edge,12/31/1997
*OE000284*,TRC,M20,1,Training Chair with Steel Edge,12/31/1997
*OE000291*,TRC,M20,1,Training Chair with Steel Edge,12/31/1997
*OE000300*,TRC,M20,1,Training Chair with Steel Edge,12/31/1997
*OE000304*,TRC,M20,1,Training Chair with Steel Edge,12/31/1997
*OE000305*,TRC,M20,1,Training Chair with Steel Edge,12/31/1997
*OE000306*,TRC,M20,1,Training Chair with Steel Edge,12/31/1997
*OE000314*,TRC,M20,1,Training Chair with Steel Edge,12/31/1997
*OE000323*,TRC,M20,1,Training Chair with Steel Edge,12/31/1997
*OE000324*,TRC,M20,1,Training Chair with Steel Edge,12/31/1997
*OE000326*,TRC,M20,1,Training Chair with Steel Edge,12/31/1997
*OE000328*,TRC,M20,1,Training Chair with Steel Edge,12/31/1997
*OE000329*,TRC,M20,1,Training Chair with Steel Edge,12/31/1997
*OE000373*,TRC,M20,1,Tool Table w/ 1 drawer,12/31/1997
*OE000465*,TRC,M20,1,FASCON 20 Division Filing Cabinet,9/4/1996
*OE000466*,TRC,M20,1,FASCON 20 Division Filing Cabinet,12/31/1997
*OE000472*,TRC,M20,1,FASCON 20 Division Filing Cabinet,12/31/1997
*OE000705*,TRC,M20,1,Training Chair with Steel Edge,12/31/1997
*OE000707*,TRC,M20,1,Training Chair with Steel Edge,12/31/1997
*OE000709*,TRC,M20,1,Training Chair with Steel Edge,12/31/1997
*OE000710*,TRC,M20,1,Training Chair with Steel Edge,12/31/1997
*OE000711*,TRC,M20,1,Training Chair with Steel Edge,12/31/1997
*OE000714*,TRC,M20,1,Training Chair with Steel Edge,12/31/1997
*OE000716*,TRC,M20,1,Training Chair with Steel Edge,12/31/1997
*OE000718*,TRC,M20,1,Training Chair with Steel Edge,12/31/1997
*OE000719*,TRC,M20,1,Training Chair with Steel Edge,12/31/1997
*OE000720*,TRC,M20,1,Training Chair with Steel Edge,12/31/1997
*OE000721*,TRC,M20,1,Training Chair with Steel Edge,12/31/1997
*OE000722*,TRC,M20,1,Training Chair with Steel Edge,12/31/1997
*OE000723*,TRC,M20,1,Training Chair with Steel Edge,12/31/1997
*OE001041*,PRODN OFFICE,M20,1,Okamura DT13LF Staff table,7/19/1997
*OE001075*,MAIN BUILDING,M20,1,Okamura DT13LF Staff table,7/19/1997
*OE001081*,TRC,M20,1,Okamura DT13LF Staff table,7/19/1997
*OE001708*,TRC,M20,1,Training Chair with Steel Edge,12/31/1997
*OE002081*,MAINTENANCE,M20,1,Okamura DT13LF Staff table,7/19/1997
*OE002083*,MAINTENANCE,M20,1,Okamura DT13LF Staff table,7/19/1997
*OE002343*,TRC,M20,1,Conference table (round) 42,5/31/1997
*OE002482*,MAIN BUILDING,M20,1,Okamura DT13LF Staff table,7/19/1997
*OE002539*,TRC,M20,1,FASCON lateral filing cabinet-2 drawers,8/11/1997
*OE002541*,TRC,M20,1,FASCON lateral filing cabinet-2 drawers,8/11/1997
*OE002646*,TRC,M20,1,Clerical chair model: TC-139,5/30/1992
*OETC1159*,MAINTENANCE,M20,1,Okamura DT13LF Staff,7/19/1997
*OETC1709*,TRC,M20,1,Training Chair with Steel Edge,12/31/1997
*OETC1710*,TRC,M20,1,Training Chair with Steel Edge,12/31/1997
*OETC1711*,TRC,M20,1,Training Chair with Steel Edge,12/31/1997
*OETC1712*,TRC,M20,1,Training Chair with Steel Edge,12/31/1997
*OETC1713*,TRC,M20,1,Training Chair with Steel Edge,12/31/1997
*OETC1714*,TRC,M20,1,Training Chair with Steel Edge,12/31/1997
*OETC1715*,TRC,M20,1,Training Chair with Steel Edge,12/31/1997
*OETC1716*,TRC,M20,1,Training Chair with Steel Edge,12/31/1997
*OETC1717*,TRC,M20,1,Training Chair with Steel Edge,12/31/1997
*OETC1718*,TRC,M20,1,Training Chair with Steel Edge,12/31/1997
*OETC1719*,TRC,M20,1,Training Chair with Steel Edge,12/31/1997
*OETC1720*,TRC,M20,1,Training Chair with Steel Edge,12/31/1997
*OETC1721*,TRC,M20,1,Training Chair with Steel Edge,12/31/1997
*OETC1722*,TRC,M20,1,Training Chair with Steel Edge,12/31/1997
*OETC1724*,TRC,M20,1,Training Chair with Steel Edge,12/31/1997
*OETC1725*,TRC,M20,1,Training Chair with Steel Edge,12/31/1997
*OETC1726*,TRC,M20,1,Training Chair with Steel Edge,12/31/1997
*OETC1727*,TRC,M20,1,Training Chair with Steel Edge,12/31/1997
*OETC1768*,TRC,M20,1,NEC Telephone,12/31/1997
*OETC1833*,TRC,M20,1,FASCON lateral filing cabinet-3 drawers,8/11/1997
*OETC1834*,TRC,M20,1,FASCON lateral filing cabinet-3 drawers,8/11/1997
*OE000031*,MAIN BUILDING,M20,1,Prestar Push Cart - Single,2/29/1996
*OE000226*,SPARE PARTS,M20,1,Training Chair with Steel Edge,12/31/1997
*OE000230*,SPARE PARTS,M20,1,Training Chair with Steel Edge,12/31/1997
*OE000240*,SPARE PARTS,M20,1,Training Chair with Steel Edge,12/31/1997
*OE000308*,SPARE PARTS,M20,1,Training Chair with Steel Edge,12/31/1997
*OE000310*,SPARE PARTS,M20,1,Training Chair with Steel Edge,12/31/1997
*OE000315*,SPARE PARTS,M20,1,Training Chair with Steel Edge,12/31/1997
*OE000319*,SPARE PARTS,M20,1,Training Chair with Steel Edge,12/31/1997
*OE000327*,SPARE PARTS,M20,1,Training Chair with Steel Edge,12/31/1997
*OE000494*,SPARE PARTS,M20,1,Visitor,12/31/1997
*OE000560*,SPARE PARTS,M20,1,PANASONIC Electronic print board,4/20/1996
*OE000571*,SPARE PARTS,M20,1,Filing Cabinet x 3 - Small,12/31/1997
*OE000581*,SPARE PARTS,M20,1,FASCON lateral filing cabinet-3 drawer,8/11/1997
*OE000583*,SPARE PARTS,M20,1,Filing Cabinet x 3 - Small,12/31/1997
*OE000630*,SPARE PARTS,M20,1,Training Chair with Steel Edge,12/31/1997
*OE000632*,SPARE PARTS,M20,1,Training Chair with Steel Edge,12/31/1997
*OE000633*,SPARE PARTS,M20,1,Training Chair with Steel Edge,12/31/1997
*OE000634*,SPARE PARTS,M20,1,Training Chair with Steel Edge,12/31/1997
*OE000635*,SPARE PARTS,M20,1,Training Chair with Steel Edge,12/31/1997
*OE000636*,SPARE PARTS,M20,1,Training Chair with Steel Edge,12/31/1997
*OE000637*,SPARE PARTS,M20,1,Training Chair with Steel Edge,12/31/1997
*OE000662*,SPARE PARTS,M20,1,Training Chair with Steel Edge,12/31/1997
*OE001713*,SPARE PARTS,M20,1,Steel filing cabinet 3- drawer,4/8/1996
*OETC1874*,SPARE PARTS,M20,1,Training Chair with Steel Edge,12/31/1997
*OETC1898*,SPARE PARTS,M20,1,Paper shredder(Uchida ES-220N),3/12/1996
*OE000301*,MAIN BUILDING,M20,1,Conference Chair-Peach,12/31/1997
*OE000840*,MAIN BUILDING,M20,1,Okamura DT03ZB Supervisory table,7/19/1997
*OE001047*,MAIN BUILDING,M20,1,Okamura DT03ZB Supervisory table,7/19/1997
*OE002301*,MAIN BUILDING,M20,1,National 5 cu. ft. fashion ref.,1/31/1989
*OE002317*,MAIN BUILDING,M20,1,Conference table size: 36,5/31/1997
*OE002356*,MAIN BUILDING,M20,1,Fax table,7/19/1995
*OE007484*,MAIN BUILDING,M20,1,1 UNIT REFRIGERATOR LG 11.8 GWC372SLC (CONDO),5/9/2018
*OE007485*,MAIN BUILDING,M20,1,1 UNIT WASHING MACHINE LG WF-S110V TC 11KG,5/21/2018
*OETC2107*,MAIN BUILDING,M20,1,Floor Carpeting of VTM,8/31/1989
*OETC2108*,MAIN BUILDING,M20,1,Carpet installation for NS room,8/24/1990
*OETC2109*,MAIN BUILDING,M20,1,Installation of carpet at sekinos room,5/14/1992
*OETC2110*,MAIN BUILDING,M20,1,Supply and installation of floor carpets,10/10/1997
